id,category,feature,description,status,surface,syncthing_compat,implementation,verification,milestone,source,notes
bep-protobuf-codec,protocol,BEP message codec,Core shall encode and decode all Syncthing BEP message types from the vendored schema so a plain Syncthing peer can complete a session without a Syncpeer-specific protocol.,tracked,core,syncthing,packages/core/src/core/protocol/bep.ts,scripts/test-core-diagnostics.ts;scripts/test-syncpeer-peers.ts,,,Uses the unmodified vendored Syncthing bep.proto.
bep-framing,protocol,BEP framing and hello magic,Core shall frame BEP messages with Syncthing's checksum-magic hello and length-prefixed envelopes and shall parse them incrementally from a byte stream.,tracked,core,syncthing,packages/core/src/core/protocol/bep.ts,scripts/test-core-diagnostics.ts;scripts/test-syncpeer-peers.ts,,,Wire-compatible framing.
bep-lz4-receive,protocol,LZ4 message decompression,Core shall decompress LZ4-flagged incoming BEP messages; send-side compression is not required for interoperability.,implemented,core,syncthing,packages/core/src/core/protocol/bep.ts,,,,Send-side compression is not implemented; peers may still send LZ4.
version-vectors,protocol,Version vectors,"Core shall compare, merge and advance Syncthing version vectors, including concurrent detection and overflow rejection, so conflict decisions match peer expectations.",tracked,core,syncthing,packages/core/src/core/protocol/versionVector.ts,scripts/test-replica-index.ts;scripts/test-folder-sync.ts,,,Basis for conflict handling.
index-coalescing-queue,protocol,Index update coalescing,Core shall coalesce pending INDEX and INDEX_UPDATE frames by file name and keep bounded history for encrypted replicas so metadata churn cannot flood the wire.,tracked,core,syncthing,packages/core/src/core/protocol/indexQueue.ts,scripts/test-core-diagnostics.ts,,,Prevents metadata churn from flooding the wire.
cluster-config-exchange,protocol,Cluster config exchange,Core shall apply and acknowledge peer ClusterConfig and shall not declare a session ready before it arrives.,tracked,core,syncthing,packages/core/src/client.ts,scripts/test-core-diagnostics.ts;scripts/test-syncpeer-peers.ts,,,Required before index sync.
index-exchange,protocol,Index exchange,Core shall apply peer INDEX and INDEX_UPDATE frames into folder state and shall bootstrap a missing empty index when a folder opens.,tracked,core,syncthing,packages/core/src/client.ts,scripts/test-core-diagnostics.ts;scripts/test-folder-sync-integration.ts;scripts/test-local.ts,,,Real Syncthing integration covered by test-local.
block-request-response,protocol,Block Request/Response,"Core shall request file blocks by offset, size and hash and shall map peer response codes and timeouts to explicit transfer outcomes.",tracked,core,syncthing,packages/core/src/client.ts,scripts/test-syncpeer-peers.ts;scripts/test-local.ts,,,Core download primitive.
keepalive-close,protocol,Keepalive and close,"Core shall send periodic PINGs, enforce a receive timeout and exchange CLOSE frames with a propagated reason.",tracked,core,syncthing,packages/core/src/client.ts,scripts/test-core-diagnostics.ts;scripts/test-syncpeer-peers.ts,,,
max-block-size,protocol,Maximum block size,Core shall enforce Syncthing's 16 MiB maximum plaintext block size on ranges it requests and plans it publishes.,implemented,core,syncthing,packages/core/src/core/protocol/blockLimits.ts,,,,Guards malformed peers.
session-open,client,Session opening,"Core shall open a peer session by combining discovery, candidate racing, transport connect and the BEP handshake into one explicit session handle.",tracked,core,syncthing,packages/core/src/client.ts,scripts/test-core-diagnostics.ts;scripts/test-syncpeer-peers.ts,,,Main entry for all apps.
host-adapter-contract,client,Host adapter contract,"Core shall depend only on an injectable host adapter for TLS, QUIC, relay, hashing, randomness, discovery and logging so the same client runs in CLI, desktop and Android shells.",tracked,core,syncthing,packages/core/src/client.ts,scripts/test-core-diagnostics.ts;scripts/test-syncpeer-peers.ts,,,Keeps core framework-free.
device-id-from-certificate,client,Device identity from certificate,Core shall derive device IDs from certificate DER and shall reject a peer whose certificate does not match the expected device ID.,tracked,core,syncthing,packages/core/src/client.ts,scripts/test-syncpeer-peers.ts;scripts/test-core-diagnostics.ts,,,Syncthing-compatible identity.
structured-core-logging,client,Structured diagnostics logging,"Core shall emit structured diagnostics events for handshake, discovery, index, transfer and closure decisions through the host log hook.",tracked,core,syncthing,packages/core/src/client.ts;packages/core/src/ui/browserClient.ts;packages/app/src/lib/tauriAdapters.ts,scripts/test-connection-management.ts;scripts/test-connection-notices.ts,,,Console and native error logs retain stable events and commands but omit arbitrary messages; copied diagnostics redact peer and filesystem metadata.
session-recovery-wrappers,client,Transport recovery wrappers,Core shall retry safe operations after a transport closure and shall raise an explicit ambiguous-publication outcome instead of replaying an upload or deletion whose outcome is unknown.,tracked,core,syncthing,packages/core/src/ui/recoveringRemoteFs.ts,scripts/test-connection-management.ts,,,Protects against silent duplicate publication.
shared-folder-advertisement,client,Shared folder advertisement,"Core shall validate shared-folder uniqueness and encryption mode and shall advertise folder and device configuration with index ID, max sequence and password token.",tracked,core,syncthing,packages/core/src/client.ts,scripts/test-core-diagnostics.ts;scripts/test-syncpeer-peers.ts,,,
replica-sync-loop,client,Replica sync loop,"Core shall periodically scan local replicas, receive remote indexes, request missing blocks and republish changed indexes for subscribed folders.",tracked,core,syncthing,packages/core/src/client.ts,scripts/test-folder-sync.ts;scripts/test-encrypted-replica.ts,,,"Shared by CLI, desktop and Android."
uploaded-block-serving,client,Uploaded block serving,Core shall serve blocks for content it has published and shall answer invalid or missing requests with the matching BEP error code.,tracked,core,syncthing,packages/core/src/client.ts,scripts/test-syncpeer-peers.ts;scripts/test-local.ts,,,Peers can pull published content.
ciphertext-folder-sharing,client,Ciphertext folder sharing,"Core shall publish and consume receive-encrypted indexes without holding the folder key, validating the ciphertext replica identity and password token.",tracked,core,syncthing,packages/core/src/client.ts,scripts/test-encrypted-replica.ts;scripts/test-encrypted-filesystem.ts,,,Untrusted relay nodes need no folder key.
connection-lifecycle,session,Connection lifecycle,"Core shall run all connection transitions through one explicit state machine (idle, connecting, connected, waiting, reconnecting, suspended, stopping, error) with capped randomized backoff.",tracked,core,local,packages/core/src/ui/connectionLifecycle.ts,scripts/test-connection-management.ts,,,One state machine for all shells.
path-upgrade-probe,session,Path upgrade probe,"Core shall probe for a better connection path and shall swap sessions only after the replacement is ready, closing the old path afterwards.",tracked,core,local,packages/core/src/ui/connectionLifecycle.ts,scripts/test-connection-management.ts,,,
foreground-online-gating,session,Foreground and online gating,"Core shall suspend or resume a session based on online state, foreground state and active transfers.",tracked,core,local,packages/core/src/ui/connectionLifecycle.ts,scripts/test-connection-management.ts,,,Android battery/network policy builds on this.
session-store,session,Session store navigation,The session store shall expose observable session state and shall reject stale updates through request and epoch guards.,tracked,core,local,packages/core/src/ui/sessionStore.ts,scripts/test-session-store-navigation.ts;scripts/test-connection-management.ts,,,
directory-state-machine,session,Directory state machine,"Core shall model directory browsing as explicit idle, loading, ready, stale, locked and error transitions with reload semantics.",tracked,core,local,packages/core/src/ui/sessionTransitions.ts,scripts/test-session-store-navigation.ts,,,
password-scoping,session,Device-scoped folder passwords,Core shall resolve folder passwords by source device and folder ID and shall produce an explicit device-scoped password map for each connection.,implemented,core,local,packages/core/src/ui/sessionPasswords.ts,,,,Behavior is exercised indirectly by credential and connection tests.
saved-connections,session,Saved connections,The app shall persist named saved devices with introducer and auto-connect metadata and shall connect to a saved device with one action.,tracked,app,local,packages/app/src/app/deviceActions.ts,scripts/test-connection-management.ts,,,Stored per profile with secure credential rules.
global-discovery,discovery,Global discovery client,"Core shall resolve peer addresses through a Syncthing global discovery server and shall parse tcp, quic and relay candidates.",tracked,core,syncthing,packages/core/src/client.ts,scripts/lan-test/spec.ts;scripts/test-dev-cli.ts,,,Official Syncthing server or a pinned custom server.
local-lan-discovery,discovery,Local LAN discovery,Core shall consume Syncthing LAN discovery announcements and expose anonymous and device-tagged candidates; on Android the app shall hold the multicast lock while discovery is active.,tracked,core,syncthing,packages/core/src/client.ts,scripts/test-node-local-discovery.ts;scripts/test-tauri-local-discovery.ts;scripts/test-lan-discovery.ts,,,Android holds a multicast lock while active.
candidate-ranking-cooldown,discovery,Candidate ranking and cooldown,Core shall rank candidates with Syncthing's preference order and shall skip failing candidates through growing cooldown windows.,tracked,core,syncthing,packages/core/src/client.ts,scripts/test-connection-management.ts,,,Matches Syncthing ordering expectations.
discovery-modes-racing,discovery,Discovery modes and racing,"Core shall support automatic, global, LAN and direct discovery plus manual candidates, racing direct candidates and delaying relay fallback.",tracked,core,syncthing,packages/core/src/client.ts,scripts/test-core-diagnostics.ts;scripts/test-connection-management.ts,,,
relay-transport,transport,Relay fallback,Core shall connect through the standard Syncthing relay pool when direct paths fail or relay-only mode is configured.,tracked,core,syncthing,packages/core/src/client.ts,scripts/lan-test/spec.ts;scripts/test-dev.ts,,,Fallback through the standard pool is e2e-tested.
tls-mutual-auth,transport,Direct TLS mutual authentication,"Core shall connect directly over TLS with Syncthing-compatible certificates, ALPN bep/1.0 and peer certificate verification.",tracked,core,syncthing,packages/core/src/core/transport/node.ts,scripts/test-syncpeer-peers.ts;scripts/test-local.ts,,,Interoperates with real Syncthing.
quic-transport,transport,QUIC transport,Core shall connect over QUIC with ALPN negotiation and peer certificate extraction where the host provides node:quic.,tracked,core,syncthing,packages/core/src/core/transport/nodeQuic.ts,scripts/test-node-quic-integration.ts;scripts/test-node-quic-runtime.ts,,,Optional Node/desktop transport.
incoming-session-accept,transport,Incoming session approval,Core shall accept incoming peer sessions only for approved device IDs and shall advertise the shared folders to the peer.,tracked,core,syncthing,packages/core/src/client.ts,scripts/test-syncthing-approval-integration.ts;scripts/test-syncthing-approval.ts,,,Unknown devices are never auto-accepted.
write-serialization,transport,Write serialization and cancellation,Core shall serialize socket writes and shall close the socket on write failure or abort.,tracked,core,syncthing,packages/core/src/client.ts,scripts/test-core-diagnostics.ts,,,
resumable-download,transfer,Resumable downloads with block reuse,Core shall reuse only hash-verified cached or partial ranges and shall request only missing blocks so interrupted downloads resume without corrupting content.,tracked,all,syncthing,packages/core/src/transfer/blockReuse.ts;packages/core/src/core/model/remoteFs.ts;packages/core/src/sync/documentDraft.ts,scripts/test-block-reuse.ts;scripts/test-document-drafts.ts;scripts/lan-test/spec.ts,,,Includes cross-process partial recovery and encrypted ranges. A complete replacement block never authenticates a damaged prior journal chunk.
download-checkpoint-sink,transfer,Checkpointed download sink,Core shall persist completed download ranges across retries and shall reject a download whose remote metadata changed.,tracked,core,syncthing,packages/core/src/transfer/stream.ts,scripts/test-block-reuse.ts;scripts/test-connection-management.ts,,,
download-orchestration,transfer,Download orchestration,"Core shall download blocks with bounded concurrency, ordered writes and per-block hash verification and shall account reused, resumed and network bytes.",tracked,core,syncthing,packages/core/src/core/model/remoteFs.ts,scripts/test-block-reuse.ts;scripts/test-core-diagnostics.ts,,,Progress feeds the UI and notifications.
whole-file-upload,transfer,Whole-file upload publication,"Core shall publish file changes with a BEP FileInfo containing chunk hashes, sequence and an advanced version vector and shall optionally await peer confirmation.",tracked,all,syncthing,packages/core/src/client.ts,scripts/test-folder-sync-integration.ts;scripts/test-local.ts,,,Uploads buffer the whole file in memory.
remote-deletion,transfer,Remote deletion publication,Core shall publish a deletion tombstone with the correct encrypted name when applicable and shall optionally await the peer index confirmation.,tracked,all,syncthing,packages/core/src/client.ts,scripts/test-folder-sync-integration.ts;scripts/test-local.ts,,,
request-retry-compat,transfer,Block request retry and compatibility,Core shall retry transport-failing block requests and shall fall back across temporary and block-metadata modes and smaller chunked pulls for older peers.,tracked,core,syncthing,packages/core/src/core/model/remoteFs.ts,scripts/test-core-diagnostics.ts;scripts/test-local.ts,,,Works around older peers.
encrypted-block-transfer,transfer,Encrypted block transfer,"Core shall plan, authenticate and decrypt encrypted ranges and shall re-encrypt blocks and tokens on upload to real Syncthing encrypted folders.",tracked,core,syncthing,packages/core/src/core/model/remoteFs.ts;packages/core/src/client.ts,scripts/test-encrypted-filesystem.ts,,,Verified against real Syncthing receive-encrypted data.
node-download-sink,transfer,Node download staging and resume,"The Node download sink shall stage bytes in a temporary file, atomically replace on commit and resume verified partials across processes.",tracked,core,syncthing,packages/core/src/transfer/nodeStorage.ts,scripts/test-block-reuse.ts,,,Used by CLI and desktop.
hashing-download-sink,transfer,Hashing download sink,Core shall wrap any download sink with sequential hashing and shall expose a verified digest at commit.,tracked,core,syncthing,packages/core/src/transfer/stream.ts,scripts/test-core-diagnostics.ts;scripts/test-block-reuse.ts,,,
transfer-notifications,transfer,Transfer notification reduction,The app shall reduce transfer events into single or combined progress notifications with completion and cancel behavior.,tracked,core,syncthing,packages/core/src/ui/transferNotification.ts,scripts/test-transfer-notifications.ts,,,
transfer-cancel,transfer,Cancel transfers,The app shall cancel one transfer or all active transfers through the UI and the Android notification.,tracked,app;android,syncthing,packages/app/src/app/transferRuntime.ts,scripts/test-android-e2e.mjs,,,Android notification cancel is device e2e tested.
android-transfer-service,transfer,Android transfer foreground service,The Android app shall run transfers under a dataSync foreground service or an Android 14 user-initiated job.,tracked,android,syncthing,packages/tauri-shell/src-tauri/plugins/syncpeer-android/android/src/main/java/dev/syncpeer/plugin/android/SyncpeerTransferService.kt,scripts/test-android-e2e.mjs,,,Device/emulator e2e.
large-transfer-under-load,transfer,Large transfer under metadata churn,Core shall keep a large transfer active while folder metadata churns concurrently.,tracked,all,syncthing,packages/core/src/client.ts,scripts/lan-test/spec.ts,,,Requires the LAN fixture.
streaming-upload,transfer,Whole-file streaming uploads,"Core shall publish file content through a bounded streaming path instead of buffering the whole file, including avoiding whole-file reads through the WebView bridge.",tracked,all,syncthing,packages/core/src/client.ts; packages/core/src/transfer/stream.ts; packages/core/src/sync/serviceFavoriteSync.ts,streams a favorite larger than the retired service buffer cap; two Syncpeer peers exchange plaintext/encrypted blocks (streamed upload); folder CLI publication against managed Syncthing,0.6,ROADMAP_0.6.md:1,publishFileFromSource re-reads a random-access source per served block; the retired 32 MiB service buffer cap is gone.
bounded-service-transfer-memory,transfer,Bounded service transfer memory,"The Android service shall bound favorite transfer memory, shall fail closed on oversized uploads and shall preserve the local edit in that case.",implemented,android,syncthing,packages/core/src/sync/serviceFavoriteSync.ts,,,ROADMAP_0.6.md:1,Downloads stream into the document store; uploads remain capped at 32 MiB in the service isolate.
android-block-reuse-e2e,transfer,Android block-reuse validation,The Android app shall prove cached-range reuse on a device against a real peer before block reuse is claimed for Android.,planned,android,syncthing,packages/tauri-shell/src-tauri/src/cache_ranges.rs,,backlog,DESIGN_INCREMENTAL_BLOCK_REUSE.md,Desktop reuse is verified end to end; the Android provider E2E was not run.
encrypted-folder-replica,storage,Encrypted folder replica,"The document replica shall store document bytes, logical names and private records encrypted with the folder key behind the shared replica contract.",tracked,core,local,packages/core/src/sync/encryptedReplicaStorage.ts,scripts/test-encrypted-replica.ts,,,
ciphertext-only-replica,storage,Ciphertext-only replica,The keyless ciphertext replica shall keep immutable generations and a journaled ciphertext index that can be received and forwarded while the folder is locked.,tracked,core,local,packages/core/src/sync/ciphertextReplica.ts;packages/core/src/sync/ciphertextIndex.ts,scripts/test-encrypted-replica.ts;scripts/test-replica-persistence.ts,,,Storage format 2 replaces the raw folder identity and password token with a domain-separated commitment; format 1 is atomically migrated under the replica lock.
replica-index-scan,storage,Replica index scan,The replica index shall hash local entries into block plans and per-device version vectors and shall retain tombstones.,tracked,core,local,packages/core/src/sync/replicaIndex.ts,scripts/test-replica-index.ts,,,
replica-merge,storage,Replica receive and merge,The replica merge shall apply remote updates causally and shall write a Syncthing-style conflict copy when both sides changed concurrently.,tracked,core,local,packages/core/src/sync/replicaMerge.ts;packages/core/src/sync/replicaReceive.ts,scripts/test-replica-index.ts,,,Converges when peers reverse edits.
replica-control,storage,Replica pause and resume,"The replica controller shall drain admitted work before pausing, resuming or closing and shall expose its state.",tracked,core,local,packages/core/src/sync/replicaControl.ts,scripts/test-replica-control.ts,,,
folder-registry,storage,Folder registry,"Core shall persist folder registrations, open their replicas and attach or detach download ownership without deleting local data on detach.",tracked,core,local,packages/core/src/sync/folderRegistry.ts,scripts/test-folder-registry.ts,,,
node-folder-storage,storage,Node folder storage,"The Node folder storage shall use atomic replacement, refuse symlink parents and serialize writers through a root lock while remaining a plaintext Syncthing-compatible folder.",tracked,core,syncthing,packages/core/src/sync/nodeFolderStorage.ts,scripts/test-folder-sync.ts,,,
sqlite-metadata,storage,SQLite metadata store,"Core shall store replica, vault and private records in per-root WAL SQLite databases with quick_check, backups and a root identity guard.",tracked,core,local,packages/core/src/sync/nodeMetadataStorage.ts;packages/core/sqlite/metadata.sql,scripts/test-sqlite-metadata.ts,,,
legacy-metadata-migration,storage,Legacy metadata migration,"Core shall import legacy JSON replica, baseline and pause state into SQLite and shall retire the originals only after verification; corrupt history shall never become an empty database.",tracked,core,local,packages/core/src/sync/nodeReplicaMetadata.ts,scripts/test-sqlite-metadata.ts;scripts/test-replica-index.ts,,,Corrupt legacy history is never converted to empty state.
native-filesystem-bridge,storage,Native byte-storage bridge,Core shall talk to native byte storage through a validated command protocol and shall pack private record prefixes into native encrypted metadata.,tracked,all,local,packages/core/src/sync/nativeFilesystem.ts,scripts/test-native-filesystem.ts,,,Shared by Android and desktop hosts.
document-filesystem,storage,Encrypted document filesystem,"The document filesystem shall be the single owner for vault access, folders, documents, handles, versions, create, rename, remove and sync baselines.",tracked,all,local,packages/core/src/sync/documentFilesystem.ts,scripts/test-document-filesystem.ts,,,Backs Android DocumentsProvider and desktop cache.
document-drafts,storage,Document drafts,Document drafts shall persist a ciphertext base plus atomic 128 KiB changed chunks so acknowledged edits survive process death and recover as conflicts when needed.,tracked,core,local,packages/core/src/sync/documentDraft.ts,scripts/test-document-drafts.ts,,,Acknowledged edits survive process death.
encrypted-scratch,storage,Encrypted scratch,The document owner shall encrypt temporary edit blocks with an ephemeral key and shall reclaim only its own abandoned scratch.,tracked,core,local,packages/core/src/sync/encryptedScratch.ts,scripts/test-encrypted-scratch.ts,,,
directory-snapshots,storage,Directory snapshots and catalog,The document owner shall persist encrypted per-source directory snapshots and cache access times within bounded caps.,tracked,core,local,packages/core/src/sync/documentPrivateRecords.ts,scripts/test-document-filesystem.ts;scripts/test-document-cache.ts,,,
cache-quota-eviction,storage,Cache quota and eviction,Core shall enforce a bounded cache quota and shall evict by least-recent use while never evicting favorites or locally changed files.,tracked,core,local,packages/core/src/sync/profileSettings.ts,scripts/test-favorite-selection.ts;scripts/test-document-filesystem.ts,,,
cache-migration,storage,Cache migration,"Core shall migrate legacy plaintext cache into encrypted documents and back, verifying content before deleting originals in either direction.",tracked,all,local,packages/core/src/sync/documentCache.ts,scripts/test-document-cache.ts,,,
document-version-history,storage,Document version history,The document owner shall list and restore archived versions through encrypted metadata and shall archive the current bytes as a new version on restore.,tracked,all,local,packages/core/src/sync/documentFilesystem.ts,scripts/test-document-filesystem.ts,,,
writable-replica-file,storage,Writable replica file,Core shall edit an existing or new replica file through scratch storage with expected-version commit and abort.,tracked,core,local,packages/core/src/sync/replicaWritableFile.ts,scripts/test-replica-writable-file.ts,,,
bounded-catalog-queries,storage,Bounded catalog queries,Core shall replace complete metadata snapshot loads with paged queries and shall keep blocking SQLite work off the event loop.,planned,core,local,packages/core/src/sync/nodeMetadataStorage.ts,,backlog,remaining_issues.txt:platform,From remaining_issues.txt; needs realistic large-catalog benchmarks.
browser-storage-adapter,storage,Browser storage adapter,A browser storage adapter shall preserve the same core storage contract if browser persistence is added.,planned,core,local,,,backlog,remaining_issues.txt:platform,From remaining_issues.txt; no browser persistence today.
root-lock-security-boundary,storage,Root lock security limits,"The root lock shall remain a coordination mechanism, not a security boundary; a hostile local process replacing directory ancestors is out of scope.",implemented,core,syncthing,packages/core/src/sync/nodeFolderStorage.ts,,,DESIGN_INCREMENTAL_BLOCK_REUSE.md,Documented limitation; a crashed lock needs manual verification.
stfolder-marker,storage,Syncthing folder marker,A synchronized folder shall keep .stfolder as its only deliberate plaintext compatibility marker.,tracked,all,syncthing,packages/core/src/sync/replicaPaths.ts,scripts/test-replica-index.ts,,LOCAL_STORAGE.md,
encrypted-archive-versions,storage,Encrypted archived versions,Archived document versions shall be folder-key encrypted and shall reveal only version timing and count.,tracked,core,local,packages/core/src/sync/documentFilesystem.ts,scripts/test-document-filesystem.ts,,LOCAL_STORAGE.md,
sqlite-platform-ownership,storage,SQLite platform ownership,"Node shall use node:sqlite, desktop and mobile shall use bundled rusqlite, Android shall call the same Rust owner over JNI, and browser persistence shall stay deferred.",tracked,all,local,packages/core/sqlite/metadata.sql,scripts/test-sqlite-metadata.ts;scripts/test-document-runtime.mjs,,SQLITE_STORAGE.md,
shared-metadata-schema,storage,Shared metadata schema,All platforms shall share one metadata schema keyed by namespace and ID and shall treat stored values as opaque.,tracked,all,local,packages/core/sqlite/metadata.sql,scripts/test-sqlite-metadata.ts,,SQLITE_STORAGE.md,
transactional-snapshot-writes,storage,Transactional snapshot writes,Snapshots shall be written transactionally and unchanged rows shall keep their revisions.,tracked,core,local,packages/core/src/sync/nodeMetadataStorage.ts,scripts/test-sqlite-metadata.ts,,SQLITE_STORAGE.md,
metadata-backup,storage,Metadata backup primitives,Storage adapters shall expose consistent SQLite snapshot backups as primitives rather than as a user-facing backup UI.,tracked,all,local,packages/core/src/sync/nodeMetadataStorage.ts,scripts/test-sqlite-metadata.ts,,SQLITE_STORAGE.md,Not a user-facing backup UI; backup files contain private metadata.
metadata-restore-workflow,storage,Metadata restore workflow,A metadata restore shall require stopped owners and matching file contents and shall never copy a database without its WAL.,planned,all,local,,,backlog,SQLITE_STORAGE.md,Restoring metadata alone does not undo document changes; never copy the database without its WAL.
external-root-identity,storage,External root identity guard,Storage shall detect a replaced root across restarts and shall distinguish a missing database from first initialization with a sentinel.,tracked,core,local,packages/core/src/sync/nodeMetadataStorage.ts,scripts/test-sqlite-metadata.ts,,SQLITE_STORAGE.md,
sqlite-durability,storage,SQLite write durability,SQLite shall run in WAL mode with FULL synchronous durability so process death rolls back partial changes.,tracked,core,local,packages/core/sqlite/metadata.sql,scripts/test-sqlite-metadata.ts,,SQLITE_STORAGE.md,
no-concurrent-writers,storage,Single-writer rule,The system shall not run old binaries or concurrent writable frontends against migrated storage.,implemented,all,local,packages/core/src/sync/nodeMetadataStorage.ts,,,SQLITE_STORAGE.md,Different state roots do not share the operation lock.
two-way-folder-sync,sync,Two-way folder reconciliation,"Core shall reconcile local scans, remote listings and a durable baseline into upload, download, delete and conflict actions.",tracked,all,syncthing,packages/core/src/sync/folderSync.ts,scripts/test-folder-sync.ts;scripts/test-folder-sync-integration.ts;scripts/lan-test/spec.ts,,,"Shared by CLI, desktop and tests."
versioning-modes,sync,Versioning and trash,"Core shall support disabled, trash, simple and staggered version retention with age and spacing pruning across storage frontends.",tracked,all,syncthing,packages/core/src/sync/folderSync.ts;packages/core/src/sync/nodeFolderStorage.ts,scripts/test-folder-sync.ts,,,
delete-everywhere,sync,Delete everywhere,Delete-everywhere shall archive local content before removal and shall propagate the deletion to the peer according to policy.,tracked,all,syncthing,packages/core/src/sync/folderSync.ts,scripts/test-folder-sync.ts;scripts/test-folder-sync-integration.ts,,,
unsubscribe-folder,sync,Unsubscribe folder,"Unsubscribe shall be local-only: it shall mark the folder unsubscribed, archive and remove local contents and reset the baseline without deleting remote data.",tracked,all,local,packages/core/src/sync/folderSync.ts,scripts/test-folder-sync.ts,,,"Local-only, unlike delete-everywhere."
stale-lock-recovery,sync,Stale lock recovery,The system shall define safe stale-lock recovery after an ungraceful stop and shall never treat a locked or replaced root as an empty folder.,planned,core,syncthing,packages/core/src/sync/nodeFolderStorage.ts,,backlog,remaining_issues.txt:sync,From remaining_issues.txt; a crashed lock currently needs manual verification.
favorite-selection,sync,Favorite selection rules,"Core shall classify paths as favorite, remote-only or ignored from exclusions and ignore patterns and shall collect qualifying descendants of favorite folders.",tracked,all,layered,packages/core/src/ui/favoriteSelection.ts,scripts/test-favorite-selection.ts;scripts/test-document-cache.ts,,,
favorite-background-sync,sync,Service-owned favorite sync,"The Android service shall own favorite selection, transfer scheduling, durable baselines and retry state and shall reconcile selected files after connect, after document release, after favorite changes and on a bounded interval, including edits made through Android's document provider.",tracked,android,layered,packages/core/src/sync/serviceFavoriteSync.ts;packages/core/src/sync/documentFavoriteState.ts,scripts/test-service-favorite-sync.ts,,ROADMAP_0.6.md:1,Durable encrypted state and retry backoff.
favorite-delete-rename,sync,"Favorite deletion, rename and conflicts","Favorite sync shall propagate a deletion only while the other side matches the verified baseline, shall publish a local rename as new-path plus old-path tombstone, and shall record a conflict and preserve both copies whenever either side changed concurrently; remote renames are observed as a peer deletion of the old path.",tracked,android,layered,packages/core/src/sync/favoriteSyncPlan.ts,scripts/test-favorite-sync-plan.ts;scripts/test-service-favorite-sync.ts,,ROADMAP_0.6.md:1,Remote renames still appear as a delete of the old path.
favorite-retry-state,sync,Durable favorite transfer state,"The service shall persist per-favorite phase, message, attempts and backoff encrypted so interrupted work resumes after service termination.",tracked,android,layered,packages/core/src/sync/documentFavoriteState.ts,scripts/test-service-favorite-sync.ts,,ROADMAP_0.6.md:1,Interrupted downloads resume from encrypted drafts.
directory-favorites,sync,Directory favorites,"The Android service shall synchronize favorite directories: it shall select remote favorite descendants plus locally cached favorites, download only selected non-ignored content, publish offline edits, and preserve local-only files.",tracked,android,layered,packages/core/src/sync/serviceFavoriteSync.ts,scripts/test-favorite-sync-plan.ts;scripts/test-service-favorite-sync.ts,0.6,ROADMAP_0.6.md:2,Directory rename copies descendants and tombstones old paths; unselected remote content is never downloaded.
favorite-removal-semantics,sync,Favorite removal semantics,Removing a favorite shall be a distinct operation from deleting a remote file or discarding a local edited copy; remote deletion happens only through the verified-baseline delete path.,tracked,android,layered,packages/app/src/app/directoryActions.ts,scripts/test-favorite-sync-plan.ts;scripts/test-service-favorite-sync.ts,0.6,ROADMAP_0.6.md:2,Excluded paths are neither downloaded nor reported; unstarring never deletes remote or local data.
favorite-progress-ui,sync,Per-favorite progress and retry UI,"The app shall show per-favorite phase, message and retry backoff, and shall offer retry plus keep-local or keep-remote conflict resolution that the service executes on its next pass.",tracked,android,local,packages/app/src/components/FavoritesTab.svelte;packages/core/src/sync/documentFavoriteState.ts,scripts/test-service-favorite-sync.ts,0.6,ROADMAP_0.6.md:2,Resolution intent is persisted encrypted and consumed only after the operation succeeds.
android-folder-import,sync,Existing folder import and recovery,The Android app shall explicitly register or import an existing encrypted Syncthing folder with folder-password recovery and clear peer and folder identity approval.,tracked,android,syncthing,packages/core/src/sync/folderRegistry.ts;packages/app/src/FolderSettingsPage.svelte;packages/tauri-shell/src-tauri/src/replica_storage.rs,scripts/test-credential-vault.ts;scripts/test-document-filesystem.ts;scripts/test-android-e2e.mjs,0.6,ROADMAP_0.6.md:2,Registration keeps the root browsable without a full download and requires explicit peer and folder approval. The API 29 clean-install emulator run passed encrypted native register/reopen/replica lifecycle on 2026-09-19; physical Android folder-password recovery remains.
offline-directory-listings,sync,Offline directory listings,The service shall persist encrypted directory snapshots for every visited favorite directory so a browsed favorite has an offline listing after the vault is unlocked.,tracked,android,local,packages/core/src/sync/documentPrivateRecords.ts,scripts/test-service-favorite-sync.ts,0.6,ROADMAP_0.6.md:2,A never-browsed directory still has no listing; the app reports that limit plainly.
mixed-peer-convergence,sync,Mixed peer convergence tests,"Mixed Syncthing and Syncpeer tests shall cover initial transfer, edits in both directions, reconnect, conflict, deletion, wrong password, tampered or truncated data and large bounded reads.",tracked,all,syncthing,,scripts/test-syncpeer-peers.ts;scripts/test-local.ts;scripts/test-encrypted-filesystem.ts,0.6,ROADMAP_0.6.md:5,"Syncpeer peers cover transfer, edits in both directions, reconnect, conflict, deletion, pause/resume and identity rejection; encrypted filesystem tests cover truncation and corruption. Android plus Syncthing device runs remain."
android-device-acceptance,sync,Physical Android release acceptance,"The release path shall be proven on physical phones across supported Android versions for fresh install, upgrade from 0.5, offline picker access, another app's edit, background transfer, force-stop and relaunch, reboot and storage recovery, including startup-timeout and repeated-failure checks; emulator reboot is not a power-loss test.",planned,android,syncthing,packages/tauri-shell/src-tauri/plugins/syncpeer-android/editor-test-app;scripts/test-android-peer.ts,scripts/test-android.mjs;scripts/test-android-peer.ts;packages/tauri-shell/src-tauri/plugins/syncpeer-android/android/src/test/java/dev/syncpeer/plugin/android/DocumentRuntimeRecoveryPolicyTest.kt,0.6,ROADMAP_0.6.md:5,"The clean-install API 29 and API 36 base emulator gate passed on 2026-09-19. On 2026-09-20 the API 29 real-Syncthing harness passed separate-editor two-way CRUD and two emulator-SIGKILL/cold-restart scenarios through the service runtime. Physical fresh-install, upgrade, true power-loss and signed-release acceptance still block release."
desktop-folder-onboarding,sync,Desktop folder onboarding and lifecycle,"The desktop app shall wire the durable folder registry into its UI for choosing, validating, sharing and subscribing folders.",planned,desktop,layered,packages/core/src/sync/folderRegistry.ts,,backlog,remaining_issues.txt:desktop,From remaining_issues.txt.
fuse-mount,sync,Linux FUSE frontend,"A Linux FUSE mount shall expose the encrypted namespace as a filesystem with readiness, busy-unmount and logout behavior.",planned,desktop,syncthing,packages/core/src/sync/nodeReplica.ts,,backlog,remaining_issues.txt:fuse,From remaining_issues.txt; needs node/native lock reconciliation.
platform-validation,sync,Windows/macOS/iOS validation,"Windows and macOS support shall not be claimed until native SQLite, locks, markers, backups, recovery and secret protection are validated there.",planned,desktop,syncthing,,,backlog,remaining_issues.txt:platform,From remaining_issues.txt.
favorite-prompt-download,sync,Prompt favorite download,"The service shall download a newly selected favorite promptly once the vault is unlocked and the session is connected, subject to transfer policy.",tracked,android,layered,packages/core/src/sync/serviceFavoriteSync.ts,scripts/test-service-favorite-sync.ts,,ROADMAP_0.6.md:1,The service triggers on favorite edits and document release; transfer policy still applies.
favorite-interrupted-resume,sync,Resume interrupted favorite work,"The service shall resume interrupted favorite work after Activity or process recreation, network loss and reboot using durable state and encrypted drafts.",tracked,android,layered,packages/core/src/sync/documentFavoriteState.ts,scripts/test-service-favorite-sync.ts,,ROADMAP_0.6.md:1,Download drafts resume byte ranges; uploads restart as a whole.
browse-without-subscribe,sync,Browse without subscribing,Registering or connecting to a folder shall not download its entire contents; its root shall stay browsable without a subscription.,tracked,all,layered,packages/core/src/sync/documentFilesystem.ts,scripts/test-document-cache.ts,,ROADMAP_0.6.md:2,Roots are remembered on connect; bytes arrive only for selected favorites.
release-acceptance-scenario,sync,Release acceptance scenario,"The 0.6 gate shall pass the five-step physical-phone scenario: create or recover a personal space and remember unlock, register a peer's encrypted folder without a full download, favorite one file and one directory, use and open the selected content offline after Activity and process restart, edit offline and exchange edits and deletions in both directions without data loss, reboot to verify remembered unlock and queued-transfer recovery, explicitly lock to require the master password, and repeat the failure cases with wrong folder passwords, corrupt metadata or blocks, interrupted large transfers and repeated service startup failure.",planned,android,syncthing,packages/tauri-shell/src/document-runtime.ts;packages/tauri-shell/src-tauri/plugins/syncpeer-android/editor-test-app,scripts/test-android.mjs;scripts/test-android-peer.ts;packages/tauri-shell/src-tauri/plugins/syncpeer-android/android/src/test/java/dev/syncpeer/plugin/android/DocumentRuntimeRecoveryPolicyTest.kt,0.6,ROADMAP_0.6.md:acceptance,"Automated clean-install API 29/API 36 coverage passed on 2026-09-19; API 29 real-peer CRUD, interrupted replica transfer and durable offline edit across emulator SIGKILL passed on 2026-09-20. Do not tag 0.6 until the complete scenario passes on signed physical-phone builds, including upgrade, explicit-lock, corrupt-data and true power-loss cases; record devices and Android versions in release notes."
syncthing-corruption-fixtures,sync,Syncthing corruption fixtures,"Upstream Syncthing fixtures shall cover wrong passwords, tampered metadata or blocks, truncation, missing data and large bounded reads.",planned,all,syncthing,,,backlog,remaining_issues.txt:sync,
directory-conflict-stress,sync,Directory conflict stress tests,Mixed peers shall pass directory-conflict and deletion stress tests plus physical crash and reopen checks.,planned,all,syncthing,packages/core/src/sync/replicaMerge.ts,,backlog,remaining_issues.txt:sync,
folder-sync-streaming-publication,sync,Streaming folder publication,Standalone folder-sync publication shall use a bounded or streaming path instead of whole-file buffering.,planned,core,syncthing,packages/core/src/sync/folderSync.ts,,backlog,remaining_issues.txt:sync,
receive-encrypted-files,encryption,Receive-encrypted files,"Core shall read and write Syncthing receive-encrypted files including filename, metadata and block encryption, verified against real Syncthing in both directions.",tracked,all,syncthing,packages/core/src/sync/encryptedFilesystem.ts,scripts/test-encrypted-filesystem.ts,,,Verified against real Syncthing in both directions.
untrusted-folder-crypto,encryption,Untrusted folder crypto,"Core shall implement Syncthing's untrusted folder crypto, including scrypt key derivation, AES-SIV tokens and padded XChaCha payloads, so encrypted folders interoperate.",tracked,core,syncthing,packages/core/src/core/model/untrusted.ts;packages/core/src/client.ts;packages/core/src/core/protocol/bep.ts,scripts/test-encrypted-filesystem.ts;scripts/test-encrypted-replica.ts;scripts/test-android-peer.ts,,,Syncthing receive-encrypted format. Block-token AES-SIV authenticates the offset plus Syncthing's trailing empty associated-data component; request validation decrypts and compares the plaintext block hash.
encrypted-metadata-wrapper,encryption,Encrypted metadata wrapper,Core shall wrap BEP FileInfo in Syncthing's encrypted metadata format for wire publication and disk trailers without leaking original counters.,tracked,core,syncthing,packages/core/src/core/model/untrustedMetadata.ts,scripts/test-encrypted-filesystem.ts;scripts/test-encrypted-replica.ts,,,Does not leak original counters.
private-encrypted-records,encryption,Private encrypted records,"Core shall store vault, settings, baseline and favorite state as authenticated encrypted records.",tracked,all,local,packages/core/src/sync/encryptedRecord.ts,scripts/test-credential-vault.ts;scripts/test-document-filesystem.ts,,,
plaintext-namespace-view,encryption,Plaintext namespace view,Core shall reconstruct encrypted directory structure from metadata without reading contents or retaining per-file keys.,tracked,core,syncthing,packages/core/src/sync/encryptedNamespace.ts,scripts/test-encrypted-replica.ts;scripts/test-encrypted-filesystem.ts,,,
ciphertext-trailer-journal,encryption,Ciphertext trailer and journal,Core shall parse encrypted trailers and journal generations so a keyless relay can forward ciphertext.,tracked,core,syncthing,packages/core/src/sync/ciphertextFilesystem.ts;packages/core/src/sync/ciphertextIndex.ts,scripts/test-encrypted-replica.ts;scripts/test-replica-persistence.ts,,,
master-password-vault,encryption,Master-password vault,"The vault shall wrap one stable random key with a master password and shall support create, unlock, lock and password change atomically; wrong passwords and corruption shall fail closed.",tracked,all,local,packages/core/src/sync/credentialVault.ts,scripts/test-credential-vault.ts;scripts/test-document-filesystem.ts,,,Wrong passwords and corruption fail closed.
remembered-unlock,encryption,OS-remembered unlock,"The app shall offer an explicit OS-protected remembered unlock, shall propagate remember and forget state and shall revoke access on lock.",tracked,all,local,packages/core/src/sync/credentialVault.ts;packages/tauri-shell/src-tauri/src/vault_secret.rs,scripts/test-credential-vault.ts;scripts/test-native-credentials.mjs,,,
biometric-unlock,encryption,Biometric and device-credential unlock,The Android app shall protect the remembered unlock secret with biometric or device-credential authentication without exposing the secret.,tracked,android,local,packages/tauri-shell/src-tauri/src/vault_secret.rs,packages/tauri-shell/src-tauri/plugins/syncpeer-android/android/src/androidTest/java/dev/syncpeer/plugin/android/DocumentRuntimeServiceTest.kt,,,
device-protected-vault,encryption,Device-protected vault,A device-protected vault shall use a generated device secret instead of a user password.,tracked,all,local,packages/core/src/sync/credentialVault.ts,scripts/test-native-credentials.mjs,,,
recovery-backup,encryption,Offline recovery backup,The app shall produce an offline recovery backup using a distinct recovery password and shall restore the vault from it.,tracked,all,local,packages/core/src/sync/credentialVault.ts;packages/core/src/sync/personalSpaceBootstrap.ts;packages/app/src/FolderSettingsPage.svelte,scripts/test-credential-vault.ts;scripts/test-document-filesystem.ts,,,The Folder settings page exposes export and import; device-local roots and documents are excluded from the backup.
sqlcipher-metadata,encryption,SQLCipher metadata encryption,Native metadata shall be stored in a SQLCipher database keyed with sqlite3_key and an HMAC key check.,tracked,all,local,packages/tauri-shell/src-tauri/src/metadata_sqlite.rs;packages/tauri-shell/src-tauri/src/native_cache_metadata.rs;packages/tauri-shell/src-tauri/Cargo.lock,packages/tauri-shell/src-tauri/src/metadata_sqlite.rs (inline tests);packages/tauri-shell/src-tauri/src/native_cache_metadata.rs (inline tests);scripts/test-android.mjs,,ROADMAP_0.6.md:3,"The native cache index and resumable-transfer metadata use a separately keyed SQLCipher store. openssl-src is locked to the latest compatible 300.5.5+3.5.5 release because OpenSSL 3.6 x86 crypto assembly is incompatible with the pinned Android NDK 26 assembler; the x86_64 Android build and emulator filesystem gate passed on 2026-09-19. Physical-device verification remains."
encrypt-remaining-plaintext,encryption,Encrypt remaining app state,"The encryption boundary shall cover legacy cache and partial-transfer metadata, UI and WebView state, the folder registry and the keyless ciphertext-history index; it shall preserve the index's required locked operation, shall document unavoidable structural leakage and shall remove old plaintext copies only after a verified migration.",tracked,all,local,packages/core/src/sync/credentialVault.ts;packages/core/src/sync/folderRegistryStorage.ts;packages/core/src/sync/ciphertextIndex.ts;packages/app/src/app/state.ts;packages/tauri-shell/src-tauri/src/native_cache_metadata.rs,scripts/test-app-state.ts;scripts/test-credential-vault.ts;scripts/test-document-filesystem.ts;scripts/test-replica-persistence.ts;scripts/test-encrypted-replica.ts;packages/tauri-shell/src-tauri/src/native_cache_metadata.rs (inline tests),0.6,ROADMAP_0.6.md:3,"UI state, folder registrations, legacy credentials and native cache metadata migrate only after encrypted read-back. The keyless index stores an identity commitment; its unavoidable structural leakage is record size, generation count, opaque descriptors and names, ciphertext sizes and block layout, flags, version summaries, generation IDs/revisions and pending-state presence."
saf-export-boundary,encryption,SAF export boundary,"SAF output shall be a deliberate plaintext export, clearly identified before data is written, and shall never be presented as part of the encrypted replica.",tracked,android,local,packages/tauri-shell/src-tauri/plugins/syncpeer-android/android/src/main/java/dev/syncpeer/plugin/android/SafStorage.kt,packages/tauri-shell/src-tauri/plugins/syncpeer-android/android/src/androidTest/java/dev/syncpeer/plugin/android/DocumentRuntimeServiceTest.kt,0.6,ROADMAP_0.6.md:3,The PIM export UI identifies the selected directory as plaintext before writing; physical-device verification remains.
folder-password-recovery,encryption,Folder password recovery,The app shall recover or explicitly re-approve the password for an existing encrypted folder.,tracked,android,syncthing,packages/core/src/sync/credentialVault.ts;packages/app/src/FolderSettingsPage.svelte,scripts/test-credential-vault.ts;scripts/test-document-filesystem.ts,0.6,ROADMAP_0.6.md:2,Import re-approves peer and folder identity; recovery restores scoped credentials from the personal-space backup. Physical Android verification remains.
kdf-off-ui-thread,encryption,Non-blocking bootstrap KDF,The memory-hard bootstrap KDF shall run off the UI thread so creation and unlock do not freeze the interface.,tracked,all,local,packages/core/src/core/model/passwordKdf.ts; packages/core/src/sync/credentialVault.ts; packages/app/src/lib/passwordKdf.ts,an injected KDF port is awaited so the caller keeps running; an injected password KDF port serves vault creation and unlock,0.6,ROADMAP_0.6.md:4,Desktop WebView derives in a short-lived worker; the Android document runtime already runs in a background isolate and keeps the in-process default.
cli-identity-protection,encryption,CLI identity key protection,The CLI device-private identity key shall be protected by the platform credential store or an encrypted identity container.,planned,desktop,local,packages/core/src/node.ts,,backlog,remaining_issues.txt:encryption,From remaining_issues.txt.
fresh-install-encryption-check,encryption,Fresh install encryption check,"Fresh installs shall use encrypted document storage, SQLCipher metadata and protected native identity, and legacy plaintext identity files shall fail safely.",tracked,all,local,packages/core/src/sync/documentFilesystem.ts;packages/tauri-shell/src-tauri/src/lib.rs,scripts/test-document-filesystem.ts;packages/tauri-shell/src-tauri/src/lib.rs (inline tests),0.6,ROADMAP_0.6.md:3,A fresh-profile test scans every native root for plaintext names and content; plaintext legacy identity files fail closed until local reset.
encryption-boundary-audit,encryption,Encryption boundary audit,"Backups, temporary files and diagnostics shall be audited against the same encryption policy as the main database.",tracked,all,local,packages/tauri-shell/src-tauri/src/metadata_sqlite.rs;packages/tauri-shell/src-tauri/src/lib.rs;packages/core/src/transfer/nodeStorage.ts;packages/core/src/ui/browserClient.ts;packages/app/src/lib/tauriAdapters.ts,packages/tauri-shell/src-tauri/src/metadata_sqlite.rs (inline tests);packages/tauri-shell/src-tauri/src/lib.rs (inline tests);scripts/test-block-reuse.ts;scripts/test-connection-notices.ts,0.6,ROADMAP_0.6.md:3,"SQLCipher database, WAL and backups are ciphertext; JSON and CLI resume replacements use exclusive mode-0600 temporary files with cleanup; diagnostic consoles, native forwarding and copied logs omit arbitrary private messages and redact structured identifiers."
unlock-recovery-tests,encryption,Unlock and recovery test matrix,"Unlock tests shall cover wrong password, missing Keystore material, process death, reboot, reset and recovery, and shall require the master password on first unlock and after explicit lock while using Keystore only when remembering was enabled.",tracked,all,local,packages/core/src/sync/credentialVault.ts,scripts/test-credential-vault.ts;scripts/test-document-filesystem.ts;packages/tauri-shell/src-tauri/src/lib.rs (inline tests),0.6,ROADMAP_0.6.md:4,"Core covers wrong password, missing remembered secret, locked device, failed rotation and occupied-profile recovery; physical-device reboot and reset runs remain in the release acceptance scenario."
cli-metadata-encryption,encryption,CLI metadata encryption,CLI metadata shall be encrypted with a managed key.,planned,cli,local,packages/core/src/sync/nodeMetadataStorage.ts,,backlog,remaining_issues.txt:encryption,
webview-fallback-removal,encryption,Remove WebView secret fallbacks,Remaining plaintext WebView and legacy secret fallbacks shall be removed after reset is validated.,planned,app,local,packages/app/src/app/state.ts,,backlog,remaining_issues.txt:personal-space,
key-zeroization,encryption,Runtime key clearing,Core shall clear decrypted keys and temporary buffers when an owner locks or closes.,tracked,core,local,packages/core/src/sync/documentFilesystem.ts,scripts/test-credential-vault.ts,,LOCAL_STORAGE.md,
space-bootstrap,personal-space,Personal space bootstrap,"A personal space shall derive its bootstrap key from the master password with scrypt and wrap a random space ID, settings-folder ID and root key, supporting recovery without revealing either identifier.",tracked,all,layered,packages/core/src/sync/personalSpaceBootstrap.ts,scripts/test-personal-space.ts,,,Hides identifiers and supports recovery.
space-key-derivation,personal-space,Space key derivation,"The personal space shall derive the personal vault key and shared settings-folder password from the stable root key with HKDF, and changing the master password shall only rewrap that key.",tracked,all,layered,packages/core/src/sync/personalSpaceBootstrap.ts,scripts/test-personal-space.ts,,,Changing the master password only rewraps the stable root key.
owned-device-pairing,personal-space,Owned-device pairing,"Owned devices shall pair with ECDH P-256, HKDF and AES-GCM, shall require matching 6-digit confirmation codes and shall expire unused invites.",tracked,core,layered,packages/core/src/sync/personalSpacePairing.ts,scripts/test-personal-space-pairing.ts,,,"Transport, persistence and UI wiring remain planned."
owned-device-roster,personal-space,Owned-device roster,"The owned-device roster shall be signed and hash-chained with genesis pinning, revocation, replacement and a recovery key path.",tracked,core,layered,packages/core/src/sync/personalSpaceSharing.ts,scripts/test-personal-space-sharing.ts,,,Recovery key can replace all lost devices.
share-target-resolution,personal-space,Share target resolution,Personal-space shares shall expand to active owned devices only and shall exclude revoked or retired identities.,tracked,core,layered,packages/core/src/sync/personalSpaceSharing.ts,scripts/test-personal-space-sharing.ts,,,
shared-settings-propagation,personal-space,Shared settings propagation,"Personal-space settings shall propagate as an authenticated change DAG with parent and cycle checks, tombstones and explicit conflicts.",tracked,core,layered,packages/core/src/sync/personalSpaceChanges.ts,scripts/test-personal-space-changes.ts,,,Not yet connected to BEP or the UI.
pairing-transport-wiring,personal-space,Pairing transport and persistence,"Pairing shall run over LAN or relay transport with persistence, stable device slots, user confirmation, revocation and BEP membership propagation.",planned,all,layered,packages/core/src/sync/personalSpacePairing.ts,,backlog,remaining_issues.txt:personal-space,From remaining_issues.txt; primitives exist.
cross-device-settings-sync,personal-space,Cross-device settings and favorites,Versioned folder-share targets and device-scoped favorites shall persist in the encrypted settings folder and shall apply across owned devices.,planned,all,layered,packages/core/src/sync/personalSpaceChanges.ts,,backlog,remaining_issues.txt:personal-space,From remaining_issues.txt.
space-backup-workflow,personal-space,Personal-space backup workflow,"A usable export and import workflow shall exist for the offline personal-space backup, and it shall state that the backup contains neither downloaded documents nor device identity keys.",tracked,all,local,packages/core/src/sync/personalSpaceBootstrap.ts;packages/app/src/FolderSettingsPage.svelte,scripts/test-credential-vault.ts;scripts/test-document-filesystem.ts,0.6,ROADMAP_0.6.md:4,The UI states the backup contains neither downloaded documents nor device identity keys; recovery starts with remembering disabled. Physical-device verification remains.
shared-personal-space-promise,personal-space,Shared personal-space promise,"If a future release is advertised as a shared personal space, cross-device settings, pairing, revocation and favorite propagation shall become release blockers with their own recovery and compromise tests.",planned,all,layered,packages/core/src/sync/personalSpaceSharing.ts,,backlog,ROADMAP_0.6.md:outside,Explicitly excluded from the Android 0.6 release promise; retain as a future release gate.
personal-space-recovery-e2e,personal-space,Personal-space recovery end to end,"Personal-space recovery and compromise rekey shall be proven end to end, including mixed Syncthing interoperability and device reboot.",planned,all,layered,packages/core/src/sync/personalSpaceBootstrap.ts,,backlog,remaining_issues.txt:personal-space,
browser-personal-space-access,personal-space,Browser-only personal-space access,"A future release shall provide a stable HTTPS URL that runs Syncpeer without native installation and opens an existing personal space only with the master password plus a separate space locator, recovery credential or approved-device invitation; the browser shall establish authenticated end-to-end encrypted connectivity over WebRTC data channels when available and a secure WebSocket tunnel or relay fallback otherwise, without giving the hosting or relay service plaintext access.",planned,web,layered,,,backlog,,"Outside 0.6; depends on browser storage and transport adapters plus pairing and recovery wiring. Reusable secrets shall never appear in URLs, and persistence on a browser device shall require explicit opt-in. The WSS fallback may follow the same architectural pattern as Taskyon's tunnel."
vcard-support,pim,vCard support,"Core shall parse, split and serialize vCard 3.0 contacts with names, phones and emails.",tracked,core,layered,packages/core/src/pim/formats.ts,scripts/test-pim.ts,,,
icalendar-support,pim,iCalendar support,"Core shall parse, split and serialize iCalendar VEVENT entries with UTC conversion.",tracked,core,layered,packages/core/src/pim/formats.ts,scripts/test-pim.ts,,,
pim-path-layout,pim,PIM path layout,"PIM records shall use canonical per-record paths plus manifest, operation and tombstone sidecars with sanitized segments.",tracked,core,layered,packages/core/src/pim/paths.ts,scripts/test-pim.ts,,,
pim-bootstrap,pim,PIM bootstrap plan,Core shall bootstrap PIM folders with contacts and calendar manifests and seed records.,tracked,core,layered,packages/core/src/pim/bootstrap.ts,scripts/test-pim.ts,,,
pim-merge,pim,PIM merge policy,"PIM merge shall resolve contacts and events by timestamp, device and version lineage with tombstones and a silent-merge manifest.",tracked,core,layered,packages/core/src/pim/merge.ts,scripts/test-pim.ts,,,
pim-android-providers,pim,Android contacts and calendar providers,"The Android app shall list, create, update and delete contacts and calendar events through system providers and shall exchange them as vCard and iCalendar files in the synced folder.",tracked,android,layered,packages/tauri-shell/src-tauri/plugins/syncpeer-android/android/src/main/java/dev/syncpeer/plugin/android/SyncpeerAndroidPlugin.kt,scripts/test-android-e2e.mjs,,,File-based PIM sync exists; provider import/export wiring is experimental.
pim-experimental-gate,pim,Experimental PIM gate,PIM synchronization shall stay disabled until explicitly enabled.,tracked,app,local,packages/app/src/app/state.ts,scripts/test-favorite-sync-policies.ts,,,Default off.
pim-folder-lifecycle,pim,PIM folder lifecycle,"The app shall let a user pick a PIM folder, initialize the layout, sync on demand and import provider .vcf and .ics files.",tracked,app,layered,packages/app/src/app/pimActions.ts,scripts/test-syncthing-pim-stub.ts,,,Experimental.
cli-browse,cli,CLI remote browsing,The CLI shall list remote folders and browse their directory trees.,tracked,cli,syncthing,packages/cli/src/main.ts,scripts/test-dev-cli.ts;scripts/test-local.ts,,,
cli-transfer,cli,CLI download and upload,The CLI shall download and upload individual files with progress and transport reporting.,tracked,cli,syncthing,packages/cli/src/main.ts,scripts/test-dev-cli.ts;scripts/test-local.ts;scripts/test-folder-sync-integration.ts,,,
cli-folder-sync,cli,CLI folder sync,"The CLI shall advertise, serve and synchronize selected local folders in both directions, including continuous mode.",tracked,cli,syncthing,packages/cli/src/main.ts,scripts/test-folder-sync-integration.ts,,,Includes continuous two-way sync.
cli-versioning,cli,CLI versioning and deletion,"The CLI shall list and restore archived versions, unsubscribe a local folder and publish explicit file deletions.",tracked,cli,syncthing,packages/cli/src/main.ts,scripts/test-local.ts;scripts/test-folder-sync-integration.ts,,,
cli-utilities,cli,CLI utilities,"The CLI shall expose build info, local identity, local file listing and discovery probes for scripts and diagnostics.",tracked,cli,syncthing,packages/cli/src/main.ts,scripts/test-cli-build-info.ts;scripts/test-dev-cli.ts,,,
cli-connection-flags,cli,CLI connection flags,"The CLI shall accept host, port, certificate, key, remote ID, discovery mode and server, relay-only, QUIC-only, device name, folder password and timeout options.",implemented,cli,syncthing,packages/cli/src/main.ts,,,,"Covered indirectly by integration scripts, no dedicated flag test."
native-ts-transport-bridges,desktop,Native transport bridges,"The desktop shell shall expose TLS, QUIC and relay sockets to the core session.",tracked,desktop,syncthing,packages/tauri-shell/src-tauri/src/lib.rs,scripts/test-connection-management.ts;scripts/test-node-quic-integration.ts,,,
native-discovery-bridges,desktop,Native discovery bridges,The desktop shell shall expose LAN discovery and global discovery fetch to core.,tracked,desktop,syncthing,packages/tauri-shell/src-tauri/src/lib.rs,scripts/test-tauri-local-discovery.ts;scripts/lan-test/ui-smoke-spec.ts,,,
native-cache-api,desktop,Native cache API,"The desktop shell shall expose cache sinks with resume, range digest and copy, listing, removal and open actions.",tracked,desktop,local,packages/tauri-shell/src-tauri/src/cache_ranges.rs,scripts/test-tauri-download-sink.ts;scripts/test-document-cache.ts,,,
native-document-bridge,desktop,Native document bridge,The desktop shell shall route document operations to the packaged core document runtime.,tracked,desktop,local,packages/tauri-shell/src-tauri/src/documents.rs,scripts/test-document-runtime.mjs,,,
identity-recovery-export,desktop,Identity recovery export/restore,The app shall export and restore a device identity recovery secret.,implemented,all,local,packages/tauri-shell/src-tauri/src/lib.rs,,,,App UI exists; no automated test found.
protected-secret-store,desktop,Protected secret store,The desktop and Android shells shall store the remembered unlock secret and metadata key in OS-protected secret storage.,tracked,all,local,packages/tauri-shell/src-tauri/src/vault_secret.rs;packages/tauri-shell/src-tauri/plugins/syncpeer-android/android/src/main/java/dev/syncpeer/plugin/android/VaultSecretStore.kt;packages/tauri-shell/src-tauri/src/replica_storage.rs,scripts/test-native-credentials.mjs;scripts/test-android-e2e.mjs,,,Android replica storage now loads its metadata key through the platform vault; the API 29 Keystore secret survived emulator reboot and the encrypted filesystem reopened on 2026-09-19. Physical reboot and power-loss acceptance remain.
local-reset,desktop,Fresh local reset,The app shall wipe app-owned data and protected credentials after typed confirmation without touching external folders or peers.,tracked,all,local,packages/tauri-shell/src-tauri/src/local_reset.rs,packages/tauri-shell/src-tauri/src/local_reset.rs (inline tests),,,Android clears app data; external folders and peers are never wiped.
desktop-packaging,desktop,Desktop packaging,"The project shall build AppImage, deb and Flatpak bundles with consistent version metadata.",implemented,desktop,local,flake.nix,,,,CI publishes on version tags; no packaging test.
desktop-folder-status-ui,desktop,Desktop folder status and controls,"The desktop app shall show folder status, progress, pause and resume, reconnect and actionable errors.",planned,desktop,layered,packages/core/src/sync/folderRegistry.ts,,backlog,remaining_issues.txt:desktop,
desktop-folder-operations-ui,desktop,Desktop folder operations,"The desktop app shall expose unsubscribe, delete-everywhere, archive and versioning and cache removal as separate controls.",planned,desktop,layered,packages/app/src/components/FoldersTab.svelte,,backlog,remaining_issues.txt:desktop,
desktop-profile-lifecycle,desktop,Desktop profile lifecycle,"The desktop app shall complete onboarding and logout and login cleanup by draining work, closing handles, unmounting and discarding keys.",planned,desktop,local,packages/core/src/sync/credentialVault.ts,,backlog,remaining_issues.txt:desktop,
desktop-secret-service-validation,desktop,Desktop Secret Service validation,The real desktop Secret Service remembered-secret lifecycle shall be validated beyond the isolated keyring fixture.,planned,desktop,local,packages/tauri-shell/src-tauri/src/vault_secret.rs,,backlog,remaining_issues.txt:desktop,
fuse-lock-reconciliation,desktop,FUSE lock reconciliation,"Node and native root-lock protocols shall be reconciled, or concurrent writable access prohibited, and host FUSE contract tests shall cover rename, truncate, random writes, concurrent handles, crash recovery and reopen.",planned,desktop,syncthing,packages/core/src/sync/nodeFolderStorage.ts,,backlog,remaining_issues.txt:fuse,
ios-validation,desktop,iOS validation,iOS support shall not be claimed before app-private paths are validated on iOS.,planned,desktop,local,,,backlog,remaining_issues.txt:platform,
local-reset-acceptance,desktop,Local reset acceptance,The fresh-start reset shall be device-tested on Android process-clear and desktop cleanup.,planned,all,local,packages/tauri-shell/src-tauri/src/local_reset.rs,,backlog,remaining_issues.txt:personal-space,Never wipes external selected folders or remote peers.
tauri-cache-subscription,desktop,Foreground cache subscription,The desktop app shall subscribe selected content in the foreground so the download cache stays current.,planned,desktop,layered,packages/core/src/sync/folderSync.ts,,backlog,DESIGN_INCREMENTAL_BLOCK_REUSE.md,
release-automation,build,Release automation,"Releases shall be prepared from a clean tree with a version bump, a staged release commit, an annotated tag and metadata checks.",tracked,all,local,scripts/release.mjs,scripts/test-diagnostics.ts,,,
headless-diagnostics,build,Headless diagnostics umbrella,"The headless umbrella shall run core, protocol, Syncthing integration, CLI, PIM, approval, discovery and native checks with explicit skips.",tracked,all,local,scripts/test-diagnostics.ts,scripts/test-diagnostics.ts,,,Report written to .tmp/syncpeer-test-reports/headless-report.json.
e2e-umbrella,build,E2E umbrella,The E2E umbrella shall run local and remote Tauri workflows including the in-app diagnostics catalog.,tracked,desktop,local,scripts/test-e2e.ts,scripts/test-e2e.ts,,,Remote workflows need a configured dev server.
sensitive-identifier-scan,build,Sensitive identifier scan,"Every supported suite shall run a sensitive-identifier scan that fails on credentials, tokens, private keys and non-fixture identifiers.",tracked,all,local,scripts/scan-sensitive-identifiers.mjs,scripts/test-sensitive-identifiers.ts;scripts/test-sensitive-identifiers.ts,,,Runs before every supported suite.
android-validation-workflow,build,Combined Android validation workflow,One command shall build the Android APK and separate synthetic editor APK and run the modern service smoke plus the legacy compatibility and real-peer capability gates.,tracked,android,local,scripts/test-android.mjs;scripts/test-android-peer.ts;scripts/android-emulator.mjs;.gitignore,scripts/test-build-configuration.mjs;scripts/test-android-e2e.mjs;scripts/test-android-peer.ts,,,"The editor is a standalone no-launcher Gradle project whose generated output is ignored. The runner removes only Syncpeer's app, instrumentation package and editor before clean phases, and CDP automation selects the Activity WebView rather than the hidden runtime page. The complete API 36 smoke plus API 29 instrumentation/reboot/provider/real-peer/editor/SIGKILL command passed on 2026-09-20."
build-configuration,build,Build configuration checks,Build configuration checks shall assert that application and Tauri builds compile core first and that Android workflows use standard runners.,tracked,all,local,package.json,scripts/test-build-configuration.mjs,,,
diagnostics-redaction,build,Diagnostics redaction,Generated diagnostics shall redact peer identifiers and filesystem metadata.,tracked,core,local,packages/core/src/client.ts,scripts/test-connection-management.ts;scripts/test-app-diagnostics.ts,,,
documents-provider,android,Android DocumentsProvider,"The Android app shall expose encrypted documents to the system Files app with list, stat, create, rename, delete, read and write operations without requiring an Activity.",tracked,android,local,packages/tauri-shell/src-tauri/plugins/syncpeer-android/android/src/main/java/dev/syncpeer/plugin/android/SyncpeerDocumentsProvider.kt;packages/tauri-shell/src-tauri/plugins/syncpeer-android/editor-test-app,packages/tauri-shell/src-tauri/plugins/syncpeer-android/android/src/androidTest/java/dev/syncpeer/plugin/android/DocumentRuntimeServiceTest.kt;scripts/test-android-e2e.mjs;scripts/test-android-peer.ts,,,The separate no-launcher APK uses only persisted SAF access. On 2026-09-20 it created/read/modified/renamed/deleted real peer files and independently hashed a recovered 4 MiB provider document on API 29.
saf-tree-access,android,SAF tree access,"The Android app shall persist SAF directory grants and shall mirror cached files through SAF reads, writes, ranges and guarded replacement.",tracked,android,local,packages/tauri-shell/src-tauri/plugins/syncpeer-android/android/src/main/java/dev/syncpeer/plugin/android/SafStorage.kt,packages/tauri-shell/src-tauri/plugins/syncpeer-android/android/src/test/java/dev/syncpeer/plugin/android/SafStorageTest.kt,,,Guarded replacement restores the previous document on failure.
background-session-service,android,Background session service,The Android service shall own a sticky foreground sync session with restart recovery and notification status.,tracked,android,local,packages/tauri-shell/src-tauri/plugins/syncpeer-android/android/src/main/java/dev/syncpeer/plugin/android/DocumentRuntimeService.kt;packages/tauri-shell/src/document-runtime.ts,scripts/test-android-e2e.mjs;scripts/test-android-peer.ts;packages/tauri-shell/src-tauri/plugins/syncpeer-android/android/src/androidTest/java/dev/syncpeer/plugin/android/DocumentRuntimeServiceTest.kt,,,The service resolves peer-scoped saved passwords before advertising attached encrypted replicas. API 29 real-peer ownership handoff and cold restart passed on 2026-09-20.
network-power-policy,android,Network and power policy,"Background sync shall pause on metered networks or power-save mode unless explicitly allowed and shall resume when the constraint clears, without promising continuous background execution.",tracked,android,local,packages/tauri-shell/src-tauri/plugins/syncpeer-android/android/src/main/java/dev/syncpeer/plugin/android/BackgroundSessionPolicy.kt,packages/tauri-shell/src-tauri/plugins/syncpeer-android/android/src/test/java/dev/syncpeer/plugin/android/BackgroundSessionPolicyTest.kt,,,
runtime-compatibility,android,Runtime compatibility checks,The Android app shall prefer JavaScriptSandbox when all required features exist and otherwise run the same packaged document core in a hidden service-owned WebView with private storage/network/timer ports; either host shall recover a terminated runtime.,tracked,android,local,packages/tauri-shell/src-tauri/plugins/syncpeer-android/android/src/main/java/dev/syncpeer/plugin/android/DocumentRuntimeCompatibility.kt;packages/tauri-shell/src-tauri/plugins/syncpeer-android/android/src/main/java/dev/syncpeer/plugin/android/DocumentRuntimeHost.kt;packages/tauri-shell/src/document-runtime.ts;packages/tauri-shell/src/document-runtime-port.ts;packages/tauri-shell/src/document-runtime-polyfills.ts,packages/tauri-shell/src-tauri/plugins/syncpeer-android/android/src/test/java/dev/syncpeer/plugin/android/DocumentRuntimeCompatibilityTest.kt;scripts/test-document-runtime.mjs;scripts/test-android-peer.ts,,,The fallback is headless and remains in the service process; it does not add UI or a second logic implementation. The API 29 real-peer gate passed on 2026-09-20.
android-process-restart,android,Process restart durability,"Vault, remembered secret, background request and document runtime shall survive service or process restart.",tracked,android,local,packages/tauri-shell/src-tauri/plugins/syncpeer-android/android/src/main/java/dev/syncpeer/plugin/android/DocumentRuntimeService.kt;packages/tauri-shell/src/document-runtime.ts,packages/tauri-shell/src-tauri/plugins/syncpeer-android/android/src/androidTest/java/dev/syncpeer/plugin/android/DocumentRuntimeServiceTest.kt;scripts/test-android-peer.ts,,ROADMAP_0.6.md:1,On 2026-09-20 the remembered encrypted-folder session resumed after emulator SIGKILL/cold restart; a measured in-progress 4 MiB replica transfer recovered without a corrupt commit and a durable offline provider edit converged after a second SIGKILL. This is emulator evidence rather than true power loss.
android-combined-workflow,android,Combined offline picker and peer workflow,The DocumentsProvider plus real-peer workflow shall be proven after Activity and process recreation.,tracked,android,syncthing,packages/tauri-shell/src-tauri/plugins/syncpeer-android/editor-test-app;packages/tauri-shell/src/document-runtime.ts;scripts/test-android-peer.ts,scripts/test-android.mjs;scripts/test-android-e2e.mjs;scripts/test-android-peer.ts,0.6,ROADMAP_0.6.md:5,"Passed on the API 29 emulator on 2026-09-20 against real Syncthing: separate-SAF-app two-way CRUD; a 4 MiB/32-block transfer killed after Syncthing reported 512 KiB sent, cold-restarted and verified by full provider SHA-256; and an offline provider edit killed again then converged. The normal transfer suite separately covers 128 MiB. Physical-device and true power-loss acceptance remain."
android-multi-emulator-network,build,Multi-emulator Android network,"A self-contained validation harness shall run API 29 and API 36 Android emulators concurrently through a synthetic host peer with separate approved listeners backed by one encrypted replica, then prove file, edit and deletion convergence in both directions plus offline picker access and recovery after Activity recreation, process restart, background handoff, force-stop and network interruption.",planned,android,syncthing,,,backlog,,"The runner must scope every ADB and WebView CDP operation to one emulator. Android is currently an outbound-only peer, so the host fixture mediates the simulated network; direct app-to-app networking would require a separate production inbound TLS/BEP listener and security design. Emulator evidence does not replace physical-phone, power-loss or upgrade acceptance. Explicitly deferred from 0.6."
android-open-with,android,Android open-with,The Android app shall open a document with the system chooser granting read and write permission.,tracked,android,local,packages/tauri-shell/src-tauri/plugins/syncpeer-android/android/src/main/java/dev/syncpeer/plugin/android/SyncpeerAndroidPlugin.kt,scripts/test-android-e2e.mjs,,,
android-multicast-lock,android,Android multicast lock,The Android app shall hold a Wi-Fi multicast lock while LAN discovery is active.,tracked,android,local,packages/tauri-shell/src-tauri/plugins/syncpeer-android/android/src/main/java/dev/syncpeer/plugin/android/SyncpeerAndroidPlugin.kt,scripts/test-android-e2e.mjs,,,Android side is covered indirectly by the device e2e; host-side discovery has its own tests.
offline-picker-recreation,android,Offline picker after recreation,The DocumentsProvider shall remain usable after Activity and process recreation even with no network.,implemented,android,local,packages/tauri-shell/src-tauri/plugins/syncpeer-android/android/src/main/java/dev/syncpeer/plugin/android/SyncpeerDocumentsProvider.kt,scripts/test-android.mjs;scripts/test-android-e2e.mjs,,ROADMAP_0.6.md:2,The API 29 clean-install emulator gate passed DocumentsProvider discovery and encrypted filesystem reopen with the network workflow disabled on 2026-09-19; physical Files-app recreation acceptance remains.
android-upgrade-from-0.5,android,Upgrade from 0.5,Upgrading an installed 0.5 app shall be validated on physical phones.,planned,android,syncthing,,,0.6,ROADMAP_0.6.md:5,
android-two-way-folder-mode,android,Android two-way folder mode,The Android app shall offer an explicitly selected two-way folder mode with its own transfer policy while connecting never downloads a full registered folder.,planned,android,syncthing,packages/core/src/sync/folderSync.ts,,backlog,remaining_issues.txt:android,
android-runtime-retry-policy,android,Android runtime retry policy,Runtime recovery shall have startup-timeout and repeated-failure regression coverage plus retry and backoff that fails closed.,tracked,android,local,packages/tauri-shell/src-tauri/plugins/syncpeer-android/android/src/main/java/dev/syncpeer/plugin/android/DocumentRuntimeService.kt;packages/tauri-shell/src-tauri/plugins/syncpeer-android/android/src/main/java/dev/syncpeer/plugin/android/DocumentRuntimeRecoveryPolicy.kt,packages/tauri-shell/src-tauri/plugins/syncpeer-android/android/src/test/java/dev/syncpeer/plugin/android/DocumentRuntimeRecoveryPolicyTest.kt;packages/tauri-shell/src-tauri/plugins/syncpeer-android/android/src/androidTest/java/dev/syncpeer/plugin/android/DocumentRuntimeServiceTest.kt,0.6,ROADMAP_0.6.md:5,"Timeout and recovery failures retry after deterministic 1, 2, 4, 8 and 16 second delays, then fail closed until service recreation. Successful recovery resets the budget; unsupported preferred-runtime capability selects the WebView host instead of counting the scenario as passed or failed. JVM tests and all 10 API 29 instrumentation tests passed on 2026-09-20; physical acceptance remains."
android-backup-exclusion,android,Android backup exclusion,Replica roots shall live under noBackupFilesDir so Android automatic backup excludes them.,implemented,android,local,packages/tauri-shell/src-tauri/plugins/syncpeer-android/android/src/main/AndroidManifest.xml,,,LOCAL_STORAGE.md,Exclusion from backup does not itself encrypt contents.
app-connection-setup,ui,Connection setup UI,"The app shall configure discovery mode, host and port, remote ID, TLS identity, timeout and relay fallback.",tracked,app,local,packages/app/src/components/DeviceTab.svelte,scripts/test-app-connection-settings.ts,,,
app-connection-status,ui,Connection status header,"The app header shall show connection phase, transport, target, attempt, next retry and path upgrade and shall reveal details on demand.",tracked,app,local,packages/app/src/components/AppHeader.svelte,scripts/lan-test/ui-smoke-spec.ts,,,
app-device-discovery,ui,Device discovery UI,"The app shall list connected, saved, advertised and LAN-candidate peers with add, connect and approval status actions.",tracked,app,local,packages/app/src/components/DeviceTab.svelte,scripts/lan-test/ui-smoke-spec.ts;scripts/test-syncthing-approval.ts,,,
app-auto-approval,ui,Auto-approval policies,The app shall offer explicit auto-accept for advertised devices and for folders introduced by introducers.,tracked,app,local,packages/app/src/app/devicePolicies.ts,scripts/test-syncthing-approval.ts,,,
app-folder-browsing,ui,Folder browsing,"The app shall show folder statistics and directory entries with sorting, filtering and pagination.",tracked,app,local,packages/app/src/components/FoldersTab.svelte,scripts/lan-test/spec.ts;scripts/test-session-store-navigation.ts,,,
app-navigation,ui,"Breadcrumbs, Back and deep links","The app shall navigate folder paths with breadcrumbs, chronological Back history and shareable deep links.",tracked,app,local,packages/app/src/app/navigation.ts,scripts/test-app-navigation.ts,,,
app-list-grid-toggle,ui,List and grid view,The app shall toggle directory display between list and grid layouts.,implemented,app,local,packages/app/src/components/FoldersTab.svelte,,,,UI-only feature.
app-file-icons,ui,File icons and thumbnails,The app shall show file-type icons and cached image thumbnails.,implemented,app,local,packages/app/src/components/FileSystemListItem.svelte,,,,UI-only feature.
app-upload-ui,ui,Upload with progress,"The app shall upload multiple files into the current folder with progress, rate, ETA and cancel.",tracked,app,local,packages/app/src/app/directoryActions.ts,scripts/test-folder-sync-integration.ts;scripts/lan-test/spec.ts,,,
app-download-ui,ui,Download and open files,The app shall download or open a file with inline progress and cancel.,tracked,app,local,packages/app/src/app/fileActions.ts,scripts/test-document-cache.ts;scripts/lan-test/spec.ts,,,
app-favorites-ui,ui,Favorites tab,The app shall star and unstar files and folders and shall manage them from a favorites view.,tracked,app,local,packages/app/src/app/starredActions.ts,scripts/test-favorite-selection.ts;scripts/test-favorite-sync-policies.ts,,,Background sync state from the service is not surfaced yet.
app-downloaded-panel,ui,Downloaded files panel,The app shall list downloaded files with size and cache time and shall open the file or its directory.,tracked,app,local,packages/app/src/components/FavoritesTab.svelte,scripts/test-document-cache.ts,,,
app-versions-page,ui,Version history page,The app shall list archived versions and restore a selected version.,implemented,app,local,packages/app/src/VersionsPage.svelte,,,,Backend is tracked by test-document-filesystem.ts; page has no UI test.
app-offline-browsing,ui,Offline browsing and state,The app shall keep browsed folders and peer metadata visible while disconnected with a last-seen label and an explicit clear action.,tracked,app,local,packages/app/src/app/syncPolicies.ts,scripts/test-app-state.ts;scripts/lan-test/ui-smoke-spec.ts,,,
app-transfer-panel,ui,Active transfer panel and cancel,The app shall show active transfers with progress and shall cancel individual or all transfers.,tracked,app,local,packages/app/src/app/transferRuntime.ts,scripts/test-transfer-notifications.ts;scripts/test-android-e2e.mjs,,,
app-theme,ui,Theme and customization,"The app shall support automatic, light and dark modes plus custom brand colors and an expert view.",tracked,app,local,packages/app/src/app/theme.ts,scripts/test-app-theme.ts;scripts/lan-test/ui-smoke-spec.ts,,,
app-onboarding-notice,ui,First-run stability notice,The app shall show a first-run experimental warning once and keep it dismissed.,tracked,app,local,packages/app/src/app/state.ts,scripts/test-app-state.ts,,,
app-diagnostics-page,ui,In-app diagnostics,"The app shall run one, one category or all diagnostics with expected-device-ID checks and copyable sanitized results.",tracked,app,local,packages/app/src/DiagnosticsPage.svelte,scripts/test-app-diagnostics.ts;scripts/lan-test/ui-smoke-spec.ts,,,
app-about,ui,About and build info,"The app shall show build and coarse runtime metadata, including OS version, and copy a sanitized support summary.",tracked,app,local,packages/core/src/appInfo.ts;packages/app/src/AboutPage.svelte;packages/app/src/lib/appInfo.ts,scripts/test-core-diagnostics.ts;scripts/test-cli-build-info.ts;scripts/lan-test/ui-smoke-spec.ts,,,OS metadata excludes hostname device model serial number accounts and other unique identifiers. The Android E2E APK containing the OS plugin built and passed the API 36 modern service smoke on 2026-09-21; clipboard export remains covered at the shared formatter boundary rather than by that smoke.
app-session-logs,ui,Session logs,"The app shall show timestamped session logs with details and shall prepend sanitized build and runtime metadata, including OS version, when copying them.",tracked,app,local,packages/core/src/appInfo.ts;packages/app/src/app/connectionActions.ts;packages/app/src/components/DeviceTab.svelte,scripts/test-core-diagnostics.ts;scripts/test-cli-build-info.ts,,,Android reports its release version; the Node CLI also includes the kernel release. Native OS metadata excludes hostname device model serial number accounts and other unique identifiers.
app-settings-page,ui,Profile and folder settings,"The app shall edit versioning, preserve-local-changes, metered allowance, cache override, favorites and exclusions.",tracked,app,local,packages/app/src/FolderSettingsPage.svelte,scripts/test-credential-vault.ts;scripts/test-document-filesystem.ts,,,
fresh-install-state-hydration,ui,Fresh-install state hydration,A fresh install whose document vault is uninitialized shall hydrate with default profile settings and no favorites without reporting an error while an existing locked vault shall keep encrypted settings inaccessible.,tracked,all,local,packages/core/src/sync/documentCache.ts,scripts/test-document-cache.ts,0.6,ROADMAP_0.6.md:5,Defaults are ephemeral until the user creates a vault; locked encrypted settings never fall back to defaults.
app-unlock-ui,ui,"Unlock, lock and onboarding","The app shall create the vault with a master password, offer optional remembering and support manual lock and unlock.",tracked,app,local,packages/app/src/FolderSettingsPage.svelte,scripts/test-credential-vault.ts;scripts/lan-test/ui-smoke-spec.ts,,,
app-pim-settings,ui,Experimental PIM settings,"The app shall expose the experimental PIM toggles for contacts, calendar, folder mode and silent auto-merge.",tracked,app,local,packages/app/src/components/PimTab.svelte,scripts/lan-test/ui-smoke-spec.ts;scripts/test-syncthing-pim-stub.ts,,,
app-state-persistence,ui,Local app-state persistence,"The app shall persist non-private UI state while excluding remote entries, private keys and folder passwords from browser storage.",tracked,app,local,packages/app/src/app/state.ts,scripts/test-app-state.ts,,,
remembered-unlock-onboarding,ui,Remembered-unlock onboarding,Onboarding shall set and explain the remembered-unlock choice.,tracked,app,local,packages/app/src/FolderSettingsPage.svelte,scripts/test-credential-vault.ts,0.6,ROADMAP_0.6.md:4,Creation explains the remembered-unlock choice and its restart/reboot behavior; explicit lock always requires the master password.
trash-versions-ui,ui,Trash and versions surface,The app shall provide a graphical Trash and Versions surface for archived content.,planned,app,local,packages/app/src/VersionsPage.svelte,,backlog,DESIGN_INCREMENTAL_BLOCK_REUSE.md,
storage-encryption-summary,docs,Storage encryption summary,This table shall keep the local storage and encryption summary current as remaining plaintext state is migrated.,tracked,all,local,SYSTEM_DEFINITION.csv,,0.6,ROADMAP_0.6.md:3,"Vault state, folder registrations, credentials and native cache metadata are encrypted; the keyless ciphertext index stores only an identity commitment plus required opaque synchronization structure. User-selected cache/export payloads and CLI resume metadata remain plaintext by design/current backlog; CLI metadata encryption stays tracked separately."
syncthing-compatibility-rule,meta,Syncthing compatibility rule,Every Syncpeer feature shall remain Syncthing-compatible; Syncpeer extensions shall layer on Syncthing folders and BEP rather than replacing them.,implemented,all,syncthing,README.md,,,README.md;DEVELOPMENT.md,Review each new feature against this rule and record its compat value in this column.
taskyon-space-backend,taskyon,Taskyon space storage backend,Taskyon spaces shall use Syncpeer folder storage as their backend so a space remains Syncthing-compatible at the folder layer.,planned,all,layered,packages/core/src/sync/folderSync.ts,,backlog,DEVELOPMENT.md,Taskyon spaces are layered on Syncthing-compatible Syncpeer storage.
unverified-edit-protection,sync,Unverified edit protection,"The system shall never silently replace an unverified local edit: without a verified baseline, or when both copies changed, it shall record a conflict and preserve both copies.",tracked,all,layered,packages/core/src/sync/serviceFavoriteSync.ts,scripts/test-favorite-sync-plan.ts;scripts/test-service-favorite-sync.ts,,ROADMAP_0.6.md:1,
plaintext-folder-boundary,sync,Plaintext folder boundary,A normal Syncthing-compatible folder on disk shall remain plaintext by design and shall be documented as outside the Android encrypted-replica promise.,implemented,all,syncthing,packages/core/src/sync/nodeFolderStorage.ts,,,ROADMAP_0.6.md:release,Intentional plaintext for Syncthing compatibility; outside the encrypted-replica promise.
syncpeer-peer-interop,client,Syncpeer peer interoperability,Two Syncpeer peers shall exchange ciphertext and normal folder updates over TLS through the same BEP path as Syncthing without a Syncpeer-only protocol.,tracked,all,syncthing,packages/core/src/client.ts,scripts/test-syncpeer-peers.ts,,README.md,Ciphertext-only sharing is proven without folder keys.
favorite-directory-rename,sync,Favorite directory rename,"Renaming a favorite directory shall copy every selected descendant to the new local prefix, publish each file under the new peer name, tombstone the old peer names and rewrite the favorite and cached paths without losing local edits.",tracked,android,layered,packages/core/src/sync/documentFilesystem.ts,scripts/test-service-favorite-sync.ts,,ROADMAP_0.6.md:2,Non-empty directory rename is performed as copy-then-tombstone with partial-copy cleanup.
favorite-conflict-resolution,sync,Favorite conflict resolution,A conflicted favorite shall offer keep-local and keep-remote resolutions; the app shall persist the choice encrypted and the service shall execute it and consume the resolution only after success.,tracked,android,layered,packages/core/src/sync/serviceFavoriteSync.ts,scripts/test-service-favorite-sync.ts,,ROADMAP_0.6.md:2,Both directions re-verify hashes before replacing anything.
favorite-directory-snapshots,sync,Favorite directory offline snapshots,The service shall persist an encrypted directory snapshot for each visited favorite directory so browsed favorites keep an offline listing.,tracked,android,local,packages/core/src/sync/serviceFavoriteSync.ts,scripts/test-service-favorite-sync.ts,,ROADMAP_0.6.md:2,Snapshots are bounded per folder and source by the existing catalog limits.
